Patricia,Harbron,09-10-1921,pharbron0@adobe.com
Hali,Salmon,11-10-1921,hsalmon1@meetup.com
Solly,Raddan,11-10-1921,sraddan2@linkedin.com
Andy,Skitt,11-10-1921,askitt3@last.fm
Nessa,Thal,11-10-1921,nthal4@hud.gov
Currie,Sauniere,11-10-1921,csauniere5@thetimes.co.uk
Murielle,Chowne,11-10-1921,mchowne6@merriam-webster.com
Farly,Canner,11-10-1921,fcanner7@rakuten.co.jp
Linn,Laying,11-10-1921,llaying8@phpbb.com
Johnathan,Nice,11-10-1921,jnice9@hibu.com
Tybi,Bottom,11-10-1921,tbottoma@deliciousdays.com
Juline,Camelia,11-10-1921,jcameliab@prnewswire.com
Cross,Vitall,11-10-1921,cvitallc@furl.net
Tuckie,Mandifield,11-10-1921,tmandifieldd@harvard.edu
Berenice,Hardway,11-10-1921,bhardwaye@1688.com
Van,Bache,11-10-1921,vbachef@businessweek.com
Tobias,Benois,11-10-1921,tbenoisg@eepurl.com
Candi,Dorrins,11-10-1921,cdorrinsh@utexas.edu
Morly,Puig,11-10-1921,mpuigi@tiny.cc
Ruben,Walls,11-10-1921,rwallsj@tripod.com
Fitz,Veeler,11-10-1921,fveelerk@utexas.edu
Rainer,Castanaga,11-10-1921,rcastanagal@economist.com
Lara,Beazley,02-10-1921,lbeazleym@barnesandnoble.com
Elli,Valsler,16-03-1990,evalslern@hugedomains.com
Jacquie,Tejero,18-02-1953,jtejeroo@yelp.com
Aldous,Van der Son,14-01-1974,avandersonp@oracle.com
Issy,Faye,22-01-1933,ifayeq@xing.com
Jillane,Shropsheir,16-11-1981,jshropsheirr@upenn.edu
Emelita,Coulston,15-06-1985,ecoulstons@nasa.gov
Babara,Malec,23-08-1973,bmalect@cloudflare.com
Gilberta,Monkleigh,29-07-1940,gmonkleighu@ow.ly
Monique,Clymo,02-08-1928,mclymov@pcworld.com
Veda,Howett,25-07-1959,vhowettw@clickbank.net
Benton,Joron,03-08-1955,bjoronx@feedburner.com
Dolley,Merwede,13-01-1962,dmerwedey@mac.com
Derick,MacVaugh,02-11-1922,dmacvaughz@utexas.edu
Ricki,Kopf,07-06-1972,rkopf10@1688.com
Nichols,Carus,15-05-1975,ncarus11@ft.com
Raine,Mussilli,10-11-1984,rmussilli12@behance.net
Fee,Dimond,26-02-1949,fdimond13@techcrunch.com
Winfred,Lidbetter,18-07-1966,wlidbetter14@google.es
Reinwald,Bettesworth,21-10-1988,rbettesworth15@cafepress.com
Greer,Siggery,06-07-1957,gsiggery16@networkadvertising.org
Keenan,Reims,07-05-1986,kreims17@jiathis.com
Elwin,Bradie,15-08-1934,ebradie18@zimbio.com
Baudoin,Symson,08-08-1986,bsymson19@yahoo.com
Ulick,Pettus,07-12-1974,upettus1a@hp.com
Perla,Manchester,21-10-1968,pmanchester1b@prnewswire.com
Ulric,Scranney,06-04-1931,uscranney1c@creativecommons.org
Paul,Benham,29-10-1943,pbenham1d@chron.com
Aldridge,Thomtson,29-10-1966,athomtson1e@vimeo.com
Zed,Hatherill,21-11-1929,zhatherill1f@amazonaws.com
Rhiamon,Rossin,01-03-1934,rrossin1g@youku.com
Zorana,Mouat,03-03-1930,zmouat1h@cargocollective.com
Maryanne,Axby,07-02-1988,maxby1i@bizjournals.com
Renaud,Meardon,18-04-1990,rmeardon1j@chronoengine.com
Manolo,Konzelmann,26-05-1970,mkonzelmann1k@mapquest.com
Marne,Le Fevre,15-07-1942,mlefevre1l@soup.io
Carla,Kleinberer,02-08-1948,ckleinberer1m@cam.ac.uk
Bay,Walesa,25-12-1980,bwalesa1n@apple.com
Brita,Graalmans,11-03-1976,bgraalmans1o@ow.ly
Sheryl,Godwin,26-04-1981,sgodwin1p@ed.gov
Burl,Anthoney,25-10-1943,banthoney1q@state.tx.us
Georgette,Cowperthwaite,30-01-1923,gcowperthwaite1r@google.nl
Kassey,Stroband,26-04-1947,kstroband1s@desdev.cn
Mark,Lieber,18-07-1941,mlieber1t@github.io
Conny,Ruck,28-03-1921,cruck1u@abc.net.au
Grace,Bichener,31-05-1951,gbichener1v@ed.gov
Rochester,Cusworth,18-08-1978,rcusworth1w@google.ca
Rodi,Dyment,23-05-1988,rdyment1x@gravatar.com
Carlita,McRuvie,29-06-1953,cmcruvie1y@mashable.com
Spense,Pitkethly,30-05-1924,spitkethly1z@cdc.gov
Carlin,Bowld,07-07-1941,cbowld20@slashdot.org
Correy,Rambaut,30-05-1958,crambaut21@w3.org
Tommi,Munnery,24-08-1963,tmunnery22@cbc.ca
Joyce,Berresford,23-04-1928,jberresford23@latimes.com
Lora,Jessard,26-08-1980,ljessard24@freewebs.com
Shane,Gerold,05-06-1981,sgerold25@is.gd
Lorelei,Brusle,13-10-1951,lbrusle26@nsw.gov.au
Marcella,Tarbatt,03-07-1984,mtarbatt27@smugmug.com
Lu,Trimmill,08-08-1953,ltrimmill28@usda.gov
Jone,Caines,11-06-1988,jcaines29@pcworld.com
Norbert,Cuningham,19-03-1927,ncuningham2a@rambler.ru
Noak,Inett,16-10-1971,ninett2b@fotki.com
Simone,Smeaton,03-10-1970,ssmeaton2c@statcounter.com
Remington,Olner,27-02-1943,rolner2d@4shared.com
Hermon,Lomasny,22-03-1932,hlomasny2e@linkedin.com
Sammy,Lindbergh,17-03-1932,slindbergh2f@icq.com
Ophelie,Reape,05-05-1944,oreape2g@photobucket.com
Adam,Ivankovic,27-08-1987,aivankovic2h@rakuten.co.jp
Melodie,Murphey,25-09-1936,mmurphey2i@arstechnica.com
Gabie,Suermeiers,28-01-1952,gsuermeiers2j@noaa.gov
Bernete,Keasley,09-03-1958,bkeasley2k@bloglines.com
Sunny,Loughnan,23-09-1966,sloughnan2l@devhub.com
Charline,Fleming,21-07-1933,cfleming2m@businesswire.com
Essy,Simkiss,25-11-1973,esimkiss2n@unc.edu
Ina,Gorger,30-11-1922,igorger2o@vinaora.com
Jodi,Dannohl,03-08-1955,jdannohl2p@cafepress.com
Reggie,Moret,26-01-1979,rmoret2q@list-manage.com
Angel,Boas,06-12-1926,aboas2r@gizmodo.com
Bibbye,Bernardy,16-03-1965,bbernardy2s@t.co
Bret,Cyples,15-04-1965,bcyples2t@blog.com
Jackquelin,Lethbrig,17-04-1977,jlethbrig2u@nifty.com
Stuart,Paulack,08-01-1921,spaulack2v@csmonitor.com
Edvard,Zanettini,05-01-1976,ezanettini2w@ameblo.jp
Minor,Sambeck,16-02-1942,msambeck2x@last.fm
Ulrika,Vooght,13-11-1960,uvooght2y@bigcartel.com
Niles,Sille,28-04-1928,nsille2z@purevolume.com
Weylin,Venneur,15-03-1988,wvenneur30@1688.com
Laure,Braunroth,09-10-1943,lbraunroth31@businessinsider.com
Sandro,Batey,18-01-1970,sbatey32@godaddy.com
Eldin,Turner,29-06-1930,eturner33@a8.net
Ty,Merrill,03-03-1932,tmerrill34@senate.gov
Simone,Billitteri,22-06-1939,sbillitteri35@wufoo.com
Tamarah,Antecki,26-01-1959,tantecki36@msn.com
Mariana,Riddich,12-04-1924,mriddich37@edublogs.org
Rem,Mayberry,11-09-1983,rmayberry38@biglobe.ne.jp
Yevette,Griswood,23-03-1974,ygriswood39@foxnews.com
Charis,Strudwick,15-11-1981,cstrudwick3a@vistaprint.com
Neel,Tivers,04-01-1957,ntivers3b@timesonline.co.uk
Nelie,Threader,31-05-1970,nthreader3c@virginia.edu
Karalynn,Roelofs,01-08-1936,kroelofs3d@nydailynews.com
Peter,Snar,17-08-1951,psnar3e@privacy.gov.au
Kristofor,McGuff,23-08-1981,kmcguff3f@slideshare.net
Culver,Durran,14-08-1923,cdurran3g@hhs.gov
Roanne,Yakebovich,12-02-1978,ryakebovich3h@about.me
Ches,Roggeman,06-03-1963,croggeman3i@feedburner.com
Roxy,Arpe,19-03-1983,rarpe3j@bing.com
Devlen,Mealham,15-02-1930,dmealham3k@bloglovin.com
Natalie,Tollfree,25-01-1940,ntollfree3l@xing.com
Ryan,Robbey,23-09-1954,rrobbey3m@pen.io
Katya,Diggar,27-08-1943,kdiggar3n@meetup.com
Merrili,Calan,20-06-1983,mcalan3o@wired.com
Domingo,Yanov,07-11-1945,dyanov3p@squarespace.com
Quincey,Walding,15-11-1966,qwalding3q@e-recht24.de
Nikolos,Culligan,06-01-1948,nculligan3r@upenn.edu
Kimbra,Fennelly,13-04-1973,kfennelly3s@marriott.com
Charmion,Branthwaite,26-04-1979,cbranthwaite3t@list-manage.com
Milton,Strutton,28-01-1990,mstrutton3u@tumblr.com
Lebbie,Croix,06-09-1942,lcroix3v@wordpress.org
Alex,Brose,28-12-1960,abrose3w@blogspot.com
Mei,Monahan,20-11-1961,mmonahan3x@ibm.com
Mattias,Hatwell,09-12-1929,mhatwell3y@eepurl.com
Corny,Fulmen,27-07-1940,cfulmen3z@ed.gov
Ulrick,Beves,06-09-1956,ubeves40@last.fm
Dalis,Champkin,21-10-1989,dchampkin41@ftc.gov
Kylila,Blodgett,31-12-1969,kblodgett42@reddit.com
Heinrik,Pretsell,13-06-1979,hpretsell43@yellowpages.com
Glennie,Highman,31-03-1982,ghighman44@indiatimes.com
Alexandro,Wark,26-12-1926,awark45@oakley.com
Truda,Bleckly,27-09-1944,tbleckly46@behance.net
Westbrooke,Happer,18-03-1985,whapper47@ted.com
Lacey,Diggens,31-10-1928,ldiggens48@bbc.co.uk
Branden,Aliberti,19-04-1988,baliberti49@msn.com
Yehudi,Dabney,22-07-1969,ydabney4a@mapquest.com
Eberto,Bampforth,11-11-1955,ebampforth4b@accuweather.com
Tamqrah,Rarity,26-10-1970,trarity4c@a8.net
Ryun,O'Reilly,01-02-1934,roreilly4d@github.com
Bailey,Halmkin,29-06-1971,bhalmkin4e@opensource.org
Tye,Hanby,16-11-1971,thanby4f@nydailynews.com
Halimeda,Jeandillou,24-03-1972,hjeandillou4g@webnode.com
Erik,Juniper,17-05-1955,ejuniper4h@dell.com
Ramsey,Smewing,22-07-1949,rsmewing4i@histats.com
Archer,Balma,17-08-1933,abalma4j@cmu.edu
Fleurette,Moulin,05-12-1937,fmoulin4k@nature.com
Billy,Viccars,19-09-1988,bviccars4l@google.de
Orella,Westphal,12-04-1985,owestphal4m@narod.ru
Lea,Fiddymont,25-03-1972,lfiddymont4n@europa.eu
Josee,Postan,20-10-1937,jpostan4o@howstuffworks.com
Farly,Commin,07-04-1930,fcommin4p@usnews.com
Blondelle,Corradeschi,20-07-1963,bcorradeschi4q@miibeian.gov.cn
Janek,Pennicott,28-10-1976,jpennicott4r@newyorker.com
Parsifal,Prangnell,02-06-1933,pprangnell4s@lycos.com
Arabel,Telezhkin,01-11-1922,atelezhkin4t@columbia.edu
Simone,Diaper,16-12-1989,sdiaper4u@ebay.com
Estrellita,Egalton,20-07-1964,eegalton4v@marketwatch.com
Bartholomew,Murrell,13-11-1973,bmurrell4w@fastcompany.com
Rolph,Mountjoy,24-11-1969,rmountjoy4x@nih.gov
Leese,Molineux,08-01-1960,lmolineux4y@upenn.edu
Marena,Juschka,25-01-1989,mjuschka4z@printfriendly.com
Shaw,Stanmore,07-05-1959,sstanmore50@smh.com.au
Carena,Garvey,19-03-1986,cgarvey51@tuttocitta.it
Raimund,Kock,06-08-1938,rkock52@google.co.jp
Teresa,Fallowes,17-07-1927,tfallowes53@geocities.jp
Glennis,Walliker,24-11-1972,gwalliker54@hatena.ne.jp
Gabbie,Colqueran,28-12-1930,gcolqueran55@weather.com
Lusa,MacKibbon,24-04-1956,lmackibbon56@foxnews.com
Heda,Please,07-04-1933,hplease57@webs.com
Patrica,Elster,13-04-1938,pelster58@redcross.org
Gerry,Tague,26-06-1983,gtague59@dmoz.org
Martino,Diehn,30-04-1923,mdiehn5a@taobao.com
Terrie,Yaakov,13-06-1935,tyaakov5b@devhub.com
Fernanda,Howell,16-12-1988,fhowell5c@t.co
Delly,Piser,20-12-1929,dpiser5d@typepad.com
Krishna,Collar,26-02-1962,kcollar5e@marriott.com
Gerianne,Snibson,13-04-1985,gsnibson5f@eepurl.com
Claribel,Giorgini,06-04-1979,cgiorgini5g@amazon.de
Beitris,Mouton,26-12-1962,bmouton5h@blogger.com
Von,Males,26-01-1936,vmales5i@rakuten.co.jp
Matthieu,Faro,02-01-1950,mfaro5j@lycos.com
Giorgio,Tenpenny,26-02-1944,gtenpenny5k@gizmodo.com
Lishe,Wyper,14-04-1931,lwyper5l@google.com.au
Kelci,Kenzie,08-11-1926,kkenzie5m@washington.edu
Heather,Androlli,15-03-1935,handrolli5n@businesswire.com
Jaime,Fenelow,14-08-1955,jfenelow5o@sphinn.com
Inger,Lineker,03-09-1953,ilineker5p@over-blog.com
Randi,Salliere,03-08-1931,rsalliere5q@list-manage.com
Mitchell,Sitford,18-12-1928,msitford5r@ow.ly
Jeramey,Shovlin,01-05-1950,jshovlin5s@nsw.gov.au
Simona,Jays,18-04-1989,sjays5t@discuz.net
Cody,Waltho,07-09-1938,cwaltho5u@wsj.com
Ly,Elderfield,10-05-1925,lelderfield5v@amazon.co.uk
Hollie,Groven,27-03-1961,hgroven5w@blogger.com
Heindrick,Louisot,13-12-1969,hlouisot5x@stumbleupon.com
Hetti,Trevance,23-12-1933,htrevance5y@paypal.com
Linnie,Craigg,01-01-1987,lcraigg5z@businesswire.com
Gianina,McQuilkin,24-07-1927,gmcquilkin60@squidoo.com
Anselma,McGenn,10-02-1937,amcgenn61@msn.com
Buiron,Loynton,22-10-1979,bloynton62@sun.com
Vinnie,Bownes,06-09-1946,vbownes63@flavors.me
Lee,Brunger,22-07-1983,lbrunger64@spiegel.de
Dino,Djorvic,03-11-1934,ddjorvic65@tripadvisor.com
Shantee,Djordjevic,29-03-1924,sdjordjevic66@comsenz.com
Larine,Allawy,12-05-1939,lallawy67@sogou.com
Brockie,Elsmore,13-07-1925,belsmore68@home.pl
Lucille,Doggrell,25-05-1923,ldoggrell69@si.edu
Oates,Raspison,04-10-1966,oraspison6a@i2i.jp
Ilise,Hirche,17-11-1969,ihirche6b@artisteer.com
Desirae,Semon,08-05-1953,dsemon6c@vistaprint.com
Adah,Spellsworth,12-10-1922,aspellsworth6d@gravatar.com
Harald,Drinkhall,10-01-1940,hdrinkhall6e@answers.com
Jaquenetta,Pflieger,13-07-1947,jpflieger6f@deliciousdays.com
Oswell,Bending,22-11-1921,obending6g@ucla.edu
Lucienne,Humpherson,27-04-1953,lhumpherson6h@bloglovin.com
Matthieu,Audley,12-10-1942,maudley6i@who.int
Andonis,MacMychem,04-12-1989,amacmychem6j@cafepress.com
Waite,Seargeant,21-03-1962,wseargeant6k@networksolutions.com
Cos,Houseman,22-01-1924,chouseman6l@hubpages.com
Denys,Knibb,24-09-1975,dknibb6m@sun.com
Roberto,Bealton,03-04-1966,rbealton6n@wired.com
Paton,Frensche,06-04-1949,pfrensche6o@shareasale.com
Gipsy,Bartelli,22-05-1961,gbartelli6p@youtube.com
Perl,Batchley,08-06-1930,pbatchley6q@un.org
Pippa,Dottridge,22-06-1931,pdottridge6r@pinterest.com
Alair,Kirley,11-09-1930,akirley6s@altervista.org
Maisey,Harrill,12-02-1956,mharrill6t@wp.com
Sharron,Reynault,05-10-1938,sreynault6u@wunderground.com
Isac,Gorringe,17-05-1936,igorringe6v@so-net.ne.jp
Reider,Leinweber,26-01-1951,rleinweber6w@ovh.net
Edith,Paulou,23-09-1935,epaulou6x@ucsd.edu
Sutherlan,Maddy,23-03-1934,smaddy6y@yelp.com
Vito,Pagen,04-03-1942,vpagen6z@ovh.net
Rufe,McMychem,01-04-1931,rmcmychem70@list-manage.com
Marylee,Burt,24-08-1949,mburt71@telegraph.co.uk
Tressa,Katz,26-02-1984,tkatz72@sohu.com
Shaw,Cristoferi,14-03-1950,scristoferi73@va.gov
Kelsey,Punyer,18-12-1929,kpunyer74@europa.eu
Yale,Eastham,21-12-1965,yeastham75@marriott.com
Leonhard,Inett,10-02-1969,linett76@live.com
Tamqrah,Gonin,27-06-1931,tgonin77@salon.com
Annmaria,Dunnet,14-12-1948,adunnet78@domainmarket.com
Elka,Outlaw,12-06-1989,eoutlaw79@accuweather.com
Quinlan,Bispham,30-04-1988,qbispham7a@goo.ne.jp
Wenonah,Seabrook,27-09-1969,wseabrook7b@fotki.com
Jerri,Levine,08-04-1961,jlevine7c@twitter.com
Hettie,Kik,23-11-1953,hkik7d@soundcloud.com
Alexine,Selley,02-06-1954,aselley7e@hexun.com
Stafani,Seedhouse,07-12-1925,sseedhouse7f@ted.com
Maribeth,Hannum,27-02-1934,mhannum7g@gnu.org
Ulla,Greenhowe,31-05-1973,ugreenhowe7h@newyorker.com
Kilian,Purse,10-01-1947,kpurse7i@mail.ru
Lisle,Stamper,03-04-1944,lstamper7j@un.org
Basia,Whitters,08-12-1979,bwhitters7k@wikispaces.com
Iormina,Farren,25-05-1960,ifarren7l@gov.uk
Uriah,Sendley,16-04-1988,usendley7m@wired.com
Josselyn,Wilcockes,03-03-1981,jwilcockes7n@google.es
Griff,Hennington,19-11-1987,ghennington7o@arizona.edu
Spencer,Stubbes,19-07-1938,sstubbes7p@icq.com
Towney,Santori,01-12-1928,tsantori7q@sitemeter.com
Roseann,Dreakin,19-11-1933,rdreakin7r@cornell.edu
Seamus,Comoletti,05-03-1973,scomoletti7s@tripadvisor.com
Christiana,Shiell,16-05-1935,cshiell7t@moonfruit.com
Graeme,Brusle,17-09-1986,gbrusle7u@hexun.com
Timothee,Slite,03-12-1952,tslite7v@archive.org
Hetty,Favel,14-01-1948,hfavel7w@tinyurl.com
Chelsy,Meeson,07-05-1958,cmeeson7x@hp.com
Hagan,MacCart,22-06-1978,hmaccart7y@chron.com
Brad,MacElroy,09-08-1973,bmacelroy7z@weather.com
Fraser,Fernandes,18-02-1972,ffernandes80@reuters.com
Colman,Kach,14-12-1937,ckach81@ifeng.com
Burg,Gainforth,13-02-1921,bgainforth82@craigslist.org
Joyan,Reynold,18-11-1959,jreynold83@umn.edu
Alvie,Broad,15-10-1923,abroad84@imgur.com
Alta,Blackett,05-11-1921,ablackett85@furl.net
Denni,Digg,21-11-1976,ddigg86@vk.com
Huberto,Hallsworth,19-12-1920,hhallsworth87@youku.com
Erie,Dunbar,30-04-1937,edunbar88@cyberchimps.com
Fernanda,Cornfoot,08-12-1949,fcornfoot89@trellian.com
Cass,Pietz,22-12-1941,cpietz8a@topsy.com
Meghann,Spavins,30-12-1983,mspavins8b@howstuffworks.com
Jan,Cranstone,11-04-1934,jcranstone8c@typepad.com
Devi,Dudderidge,30-12-1963,ddudderidge8d@godaddy.com
Netty,Beachem,19-07-1964,nbeachem8e@linkedin.com
Hamish,Kenwell,10-03-1942,hkenwell8f@latimes.com
Brnaby,Fryer,30-12-1939,bfryer8g@youku.com
Dionisio,Canada,09-05-1956,dcanada8h@ucoz.ru
Madella,Gerardet,26-03-1922,mgerardet8i@zdnet.com
Violetta,Egan,08-06-1962,vegan8j@stumbleupon.com
Ralf,Ricci,12-05-1938,rricci8k@cnbc.com
Tabina,Linger,30-08-1922,tlinger8l@mlb.com
Eddy,Concannon,31-05-1963,econcannon8m@huffingtonpost.com
Vail,Dallewater,28-11-1958,vdallewater8n@ihg.com
Kaspar,Kirkhouse,19-09-1988,kkirkhouse8o@posterous.com
Rycca,Shevell,03-11-1933,rshevell8p@nifty.com
Lianna,Airy,05-05-1964,lairy8q@sciencedaily.com
Konrad,Dosedale,09-05-1940,kdosedale8r@salon.com
Viola,Feldbau,11-01-1987,vfeldbau8s@microsoft.com
Ferdinanda,Chandler,27-02-1968,fchandler8t@bbb.org
Micheil,Diche,10-03-1936,mdiche8u@taobao.com
Shanda,Fairhead,30-10-1929,sfairhead8v@sfgate.com
Ilise,Fentem,01-04-1987,ifentem8w@qq.com
Nert,Goly,23-03-1953,ngoly8x@berkeley.edu
Lorrie,Bonnick,02-05-1984,lbonnick8y@whitehouse.gov
Jelene,Fleeman,22-01-1927,jfleeman8z@tuttocitta.it
Lilllie,Ranking,23-12-1936,lranking90@scientificamerican.com
Oralia,Eshelby,21-02-1926,oeshelby91@artisteer.com
Germain,Del Dello,25-08-1975,gdeldello92@pen.io
Ring,Kubiczek,15-08-1946,rkubiczek93@joomla.org
Walton,Silverman,19-01-1952,wsilverman94@nature.com
Eberhard,McAne,14-05-1945,emcane95@paypal.com
Darcee,Chipman,02-12-1967,dchipman96@ning.com
Babette,Thonger,04-11-1961,bthonger97@ihg.com
Marnie,Foskett,12-02-1963,mfoskett98@shinystat.com
Shel,Holt,18-03-1939,sholt99@naver.com
Polly,Lawry,18-11-1921,plawry9a@nationalgeographic.com
Vanda,Davidovitz,23-08-1947,vdavidovitz9b@time.com
Stanfield,Domleo,29-09-1974,sdomleo9c@csmonitor.com
Hillard,Jirzik,25-08-1943,hjirzik9d@naver.com
Katha,Bims,04-04-1939,kbims9e@arstechnica.com
Emalee,Ashlin,06-12-1946,eashlin9f@state.gov
Dottie,Charrington,03-08-1961,dcharrington9g@princeton.edu
Jerrie,Sealey,02-08-1976,jsealey9h@fastcompany.com
Kathe,Camerana,24-06-1937,kcamerana9i@cornell.edu
Prinz,Rosenfelder,01-08-1975,prosenfelder9j@etsy.com
Edlin,Coulthart,12-03-1983,ecoulthart9k@digg.com
Townsend,Thripp,26-04-1955,tthripp9l@cbsnews.com
Wheeler,Treversh,28-09-1982,wtreversh9m@discuz.net
Eydie,Benesevich,25-10-1946,ebenesevich9n@loc.gov
Isador,Morrieson,24-07-1962,imorrieson9o@sitemeter.com
Humphrey,Baltrushaitis,23-02-1928,hbaltrushaitis9p@technorati.com
Omar,Bayldon,30-10-1931,obayldon9q@typepad.com
Christen,Jagiello,06-07-1976,cjagiello9r@naver.com
Claresta,Van der Kruis,09-01-1940,cvanderkruis9s@squidoo.com
Alric,Ruddle,24-07-1980,aruddle9t@buzzfeed.com
Brigham,Keat,13-10-1950,bkeat9u@nytimes.com
Elane,Dyche,15-04-1972,edyche9v@facebook.com
Silvester,Hartmann,14-05-1936,shartmann9w@yandex.ru
Ira,Ollivierre,04-07-1978,iollivierre9x@symantec.com
Meghann,O'Fogarty,16-03-1947,mofogarty9y@amazon.de
Austen,Millam,24-10-1964,amillam9z@ucla.edu
Sumner,Chimes,21-06-1945,schimesa0@mozilla.org
Lusa,Aizik,01-11-1962,laizika1@addtoany.com
Jennifer,Bartali,15-09-1978,jbartalia2@hugedomains.com
Ally,Tilburn,01-09-1941,atilburna3@themeforest.net
Bobine,Culmer,27-07-1946,bculmera4@nhs.uk
Cathlene,Olech,10-12-1945,colecha5@statcounter.com
Audrye,Hewell,19-11-1964,ahewella6@tripadvisor.com
Ertha,Milstead,25-04-1962,emilsteada7@netlog.com
Lura,Flawn,26-04-1951,lflawna8@constantcontact.com
Horten,Downing,09-08-1935,hdowninga9@economist.com
Jordana,Blatchford,19-02-1935,jblatchfordaa@fema.gov
Corey,Likly,27-09-1932,cliklyab@economist.com
Leonelle,Cressingham,09-03-1980,lcressinghamac@xing.com
Melli,Yokel,29-08-1921,myokelad@zdnet.com
Elke,Stonall,10-12-1922,estonallae@wp.com
Auroora,Di Biagi,26-12-1942,adibiagiaf@imageshack.us
Oren,Spuffard,08-11-1980,ospuffardag@netscape.com
Lorita,Ajam,08-04-1964,lajamah@skyrock.com
Felipe,Dagnall,13-12-1922,fdagnallai@canalblog.com
Rod,Buy,14-08-1958,rbuyaj@dyndns.org
Trina,Agirre,13-12-1949,tagirreak@dagondesign.com
Loraine,Easun,03-11-1986,leasunal@storify.com
Amaleta,Kordova,03-08-1971,akordovaam@google.com
Benjie,Fominov,31-05-1939,bfominovan@princeton.edu
Edgar,Givens,24-08-1938,egivensao@eventbrite.com
Raynor,Lumsdon,27-10-1988,rlumsdonap@nydailynews.com
Jammie,Haire,24-08-1981,jhaireaq@mtv.com
Yalonda,Shiel,18-05-1952,yshielar@msn.com
Birch,Mathan,22-07-1939,bmathanas@nih.gov
Edithe,Sellor,18-01-1976,esellorat@timesonline.co.uk
Jammie,Schruyers,16-10-1970,jschruyersau@t.co
Enrika,Grinnikov,27-08-1967,egrinnikovav@ow.ly
Phylis,Dobsons,21-09-1950,pdobsonsaw@facebook.com
Cole,Balchen,02-04-1964,cbalchenax@comsenz.com
Chicky,Birkby,12-11-1973,cbirkbyay@home.pl
Tamqrah,Seyers,16-06-1939,tseyersaz@icio.us
Rosamund,Hein,16-12-1939,rheinb0@sitemeter.com
Standford,Moses,04-10-1957,smosesb1@dailymail.co.uk
Martynne,Paunton,24-11-1987,mpauntonb2@vistaprint.com
Layney,Minor,17-08-1989,lminorb3@live.com
Olimpia,Huke,18-05-1977,ohukeb4@pcworld.com
Seka,Willetts,30-11-1928,swillettsb5@ehow.com
Juliana,Izhaky,19-01-1976,jizhakyb6@biblegateway.com
Devonne,Fake,04-03-1986,dfakeb7@biblegateway.com
Hedwiga,Done,13-11-1962,hdoneb8@chron.com
Rodolph,Leroux,26-10-1932,rlerouxb9@msn.com
Corenda,Raithmill,17-02-1930,craithmillba@trellian.com
Hendrika,Llewellin,16-10-1948,hllewellinbb@joomla.org
Kaylee,Mullane,05-08-1951,kmullanebc@mashable.com
Adlai,Ayris,04-03-1962,aayrisbd@newsvine.com
Selle,Stitwell,13-04-1963,sstitwellbe@virginia.edu
Tootsie,Treble,03-05-1983,ttreblebf@amazon.de
Tammie,Erridge,21-09-1982,terridgebg@cisco.com
Maegan,Menzies,20-10-1985,mmenziesbh@blogspot.com
Drucie,Dredge,29-12-1920,ddredgebi@tumblr.com
Andromache,Kabsch,30-03-1967,akabschbj@domainmarket.com
Celine,Pail,27-06-1932,cpailbk@microsoft.com
Thorstein,Croll,15-12-1959,tcrollbl@netscape.com
Jaynell,Skeggs,29-09-1984,jskeggsbm@a8.net
Thomas,Scarr,12-02-1962,tscarrbn@hibu.com
Ulrika,Phidgin,20-07-1921,uphidginbo@cisco.com
Orsa,Hembery,08-06-1965,ohemberybp@statcounter.com
Georgianna,Alejandri,09-05-1933,galejandribq@cbsnews.com
Colin,Gammade,19-10-1946,cgammadebr@ted.com
Ailis,Skryne,20-02-1954,askrynebs@last.fm
Tiffie,O'Farris,04-06-1961,tofarrisbt@google.pl
Maryjane,Lemarie,21-09-1982,mlemariebu@paypal.com
Ewell,Jerdon,13-05-1973,ejerdonbv@virginia.edu
Tracie,Dunrige,01-08-1944,tdunrigebw@spotify.com
Dalli,Agett,03-01-1987,dagettbx@bigcartel.com
Alano,Clemens,26-07-1944,aclemensby@sohu.com
Cosimo,Danielsson,09-12-1970,cdanielssonbz@stanford.edu
Hilly,Bygate,14-10-1972,hbygatec0@t.co
Tara,Henniger,09-11-1962,thennigerc1@amazon.com
Tabatha,Brower,24-12-1948,tbrowerc2@usda.gov
Corie,Iannazzi,12-12-1932,ciannazzic3@state.tx.us
Nessy,Macoun,07-02-1974,nmacounc4@naver.com
Glen,Stanlake,06-04-1960,gstanlakec5@ezinearticles.com
Robinetta,de Merida,07-07-1922,rdemeridac6@bigcartel.com
Fifi,Grelka,11-04-1941,fgrelkac7@google.com.au
Vi,Siman,16-08-1960,vsimanc8@springer.com
Marve,Tuttle,28-05-1956,mtuttlec9@wsj.com
Orly,Gaines,09-11-1973,ogainesca@feedburner.com
Trevor,Bowick,02-10-1964,tbowickcb@newsvine.com
Virginie,Satterfitt,16-09-1966,vsatterfittcc@linkedin.com
Letitia,Darnell,09-09-1945,ldarnellcd@bbb.org
Ailene,Lemon,23-05-1927,alemonce@eventbrite.com
Elayne,Odom,27-02-1980,eodomcf@ox.ac.uk
Vinita,Mara,11-08-1959,vmaracg@barnesandnoble.com
Wendeline,Sabathier,17-02-1966,wsabathierch@odnoklassniki.ru
Chrystal,Bussey,19-04-1969,cbusseyci@hp.com
Brandais,Torres,11-03-1937,btorrescj@unesco.org
Lorene,Spellesy,18-04-1948,lspellesyck@so-net.ne.jp
Andy,D'eathe,21-04-1977,adeathecl@sphinn.com
Torr,Cross,10-02-1964,tcrosscm@shareasale.com
Tabbie,Bernardotti,01-05-1950,tbernardotticn@mac.com
Kylynn,Drysdell,06-09-1965,kdrysdellco@theatlantic.com
Hadleigh,Ruler,09-06-1927,hrulercp@chronoengine.com
Grissel,Kilroy,11-10-1970,gkilroycq@dagondesign.com
Sisely,Ivashov,08-09-1987,sivashovcr@wix.com
Andrew,Cully,04-02-1955,acullycs@bbc.co.uk
Jasmine,Langstone,16-06-1921,jlangstonect@vinaora.com
Rustin,Hannigane,22-06-1955,rhanniganecu@buzzfeed.com
Orland,Dyer,08-08-1930,odyercv@elegantthemes.com
Benyamin,Bruton,25-08-1965,bbrutoncw@cloudflare.com
Glynda,Sherewood,19-12-1957,gsherewoodcx@wix.com
Trumann,Lammenga,05-11-1929,tlammengacy@studiopress.com
Avictor,Maltster,21-04-1959,amaltstercz@eventbrite.com
Torrence,Reder,08-03-1983,trederd0@imdb.com
Emmanuel,Knevit,02-10-1932,eknevitd1@oracle.com
Marlo,Voules,05-10-1926,mvoulesd2@php.net
Had,Calrow,27-07-1924,hcalrowd3@plala.or.jp
Heinrick,Reyburn,09-11-1944,hreyburnd4@mapquest.com
Oby,Klebes,23-03-1969,oklebesd5@blogtalkradio.com
Pam,Deverose,03-01-1967,pdeverosed6@baidu.com
Tadd,Gautrey,30-08-1970,tgautreyd7@chron.com
Onida,Sidwick,26-07-1985,osidwickd8@acquirethisname.com
Alida,Langran,16-04-1933,alangrand9@a8.net
Lari,Breming,31-01-1958,lbremingda@rambler.ru
Stacee,O'Shiels,07-04-1926,soshielsdb@storify.com
Creight,Mochan,24-05-1979,cmochandc@fda.gov
Franzen,Chattell,01-01-1977,fchattelldd@networksolutions.com
Marga,Panther,14-01-1969,mpantherde@xrea.com
Garwood,McClean,06-01-1989,gmccleandf@seattletimes.com
Michel,Berrick,27-08-1986,mberrickdg@themeforest.net
Lynne,Sackler,27-01-1962,lsacklerdh@cisco.com
Udell,Papps,29-05-1987,upappsdi@dot.gov
Zelma,MacCurlye,30-10-1942,zmaccurlyedj@netscape.com
Jaine,McCroary,25-09-1924,jmccroarydk@wordpress.org
Minnaminnie,Rohlf,20-04-1960,mrohlfdl@google.co.jp
Elie,Feedome,23-06-1943,efeedomedm@google.ca
Felike,Seefeldt,09-03-1943,fseefeldtdn@cargocollective.com
Anatole,Dows,17-06-1961,adowsdo@netvibes.com
Rheba,Najera,20-05-1990,rnajeradp@cbslocal.com
Norris,Mahomet,24-12-1944,nmahometdq@exblog.jp
Lorinda,Arlott,03-01-1936,larlottdr@live.com
Hussein,Cantor,26-12-1958,hcantords@pagesperso-orange.fr
Aryn,Kirman,15-07-1964,akirmandt@cbslocal.com
Myriam,Gerald,17-03-1989,mgeralddu@yolasite.com
Sandra,MacLaughlin,17-12-1986,smaclaughlindv@bandcamp.com
Seline,Aldcorne,13-09-1939,saldcornedw@google.com
Lacy,Bushaway,28-08-1980,lbushawaydx@linkedin.com
Edi,Joannic,20-07-1950,ejoannicdy@diigo.com
Lynne,Simms,07-05-1922,lsimmsdz@washington.edu
Merrick,Hardage,01-09-1934,mhardagee0@desdev.cn
Gisela,Ratcliffe,08-07-1943,gratcliffee1@businessweek.com
Kerstin,Downing,10-02-1989,kdowninge2@google.cn
Joshua,McGeoch,24-05-1967,jmcgeoche3@google.com.br
Amelita,Brandes,16-08-1990,abrandese4@ehow.com
Hubert,Harpur,04-07-1954,hharpure5@shareasale.com
Lyman,McCormick,16-01-1940,lmccormicke6@typepad.com
Miquela,Jennions,18-03-1966,mjennionse7@soup.io
Shir,Dagless,27-12-1932,sdaglesse8@sina.com.cn
Sarene,Bennet,27-09-1969,sbennete9@indiatimes.com
Cathrin,Brimham,19-09-1937,cbrimhamea@free.fr
Natala,Budgen,04-03-1977,nbudgeneb@cam.ac.uk
Harriot,Senyard,27-04-1975,hsenyardec@tamu.edu
Veronica,Brewis,20-02-1960,vbrewised@bing.com
Lavinie,Durdy,12-01-1949,ldurdyee@tinyurl.com
Agna,Quelch,02-11-1938,aquelchef@economist.com
Cornall,Nevitt,18-06-1927,cnevitteg@oaic.gov.au
Roobbie,MacKereth,06-10-1980,rmackeretheh@seattletimes.com
Currey,Gomar,29-03-1946,cgomarei@microsoft.com
Temp,Sussex,18-06-1936,tsussexej@economist.com
Joceline,Dofty,16-06-1933,jdoftyek@xinhuanet.com
Shayla,O'Leahy,05-04-1925,soleahyel@skyrock.com
Sunny,Frangello,23-10-1961,sfrangelloem@dyndns.org
Avrom,Newark,26-12-1954,anewarken@hhs.gov
Bette-ann,Christene,08-07-1954,bchristeneeo@unc.edu
Zita,Gianilli,27-08-1977,zgianilliep@webmd.com
Tab,Gebbie,05-11-1937,tgebbieeq@ihg.com
Bondie,Murdie,17-11-1947,bmurdieer@reverbnation.com
Parry,Skeath,14-02-1952,pskeathes@facebook.com
Dulcie,Risdall,15-09-1961,drisdallet@shareasale.com
Dawn,Duncklee,18-03-1973,ddunckleeeu@cam.ac.uk
Cly,Zuann,02-01-1984,czuannev@marriott.com
Ignazio,Mauchline,17-04-1928,imauchlineew@usa.gov
Delcina,Lidgate,30-04-1927,dlidgateex@chron.com
Franzen,Curteis,31-08-1961,fcurteisey@nytimes.com
Heddi,Probyn,09-02-1956,hprobynez@pagesperso-orange.fr
Anna-maria,Membry,03-09-1930,amembryf0@unicef.org
Wilie,Bradly,16-01-1990,wbradlyf1@artisteer.com
Torre,Bolesma,11-06-1963,tbolesmaf2@aol.com
Trixi,Prandoni,20-04-1936,tprandonif3@mediafire.com
Devon,Doel,14-11-1988,ddoelf4@yale.edu
Vito,Whitelaw,10-01-1921,vwhitelawf5@amazon.de
Fredra,Mora,12-07-1955,fmoraf6@freewebs.com
Fairlie,Elston,13-01-1983,felstonf7@npr.org
Jasen,Blankenship,12-03-1945,jblankenshipf8@dropbox.com
Lynnea,Menguy,26-08-1946,lmenguyf9@businessinsider.com
Adrian,Berrane,25-11-1986,aberranefa@posterous.com
Valene,Sergeaunt,30-12-1943,vsergeauntfb@vistaprint.com
Chevalier,St. Queintain,22-03-1966,cstqueintainfc@nifty.com
Thibaud,Whardley,12-08-1938,twhardleyfd@theatlantic.com
Pet,Gladyer,31-08-1939,pgladyerfe@yellowbook.com
Jinny,Piwell,09-03-1928,jpiwellff@studiopress.com
Veriee,Enderby,10-04-1981,venderbyfg@exblog.jp
Deane,Grossman,19-11-1964,dgrossmanfh@merriam-webster.com
Tyrus,Pottie,15-08-1952,tpottiefi@indiegogo.com
Consalve,Bayman,09-01-1945,cbaymanfj@woothemes.com
Tait,Maysor,28-04-1980,tmaysorfk@linkedin.com
Park,Millsap,01-12-1971,pmillsapfl@illinois.edu
Ulrick,McKenna,11-08-1967,umckennafm@princeton.edu
Orelle,Prott,10-11-1931,oprottfn@usa.gov
Travis,Burdett,13-03-1939,tburdettfo@vimeo.com
Clevey,Firpi,12-06-1936,cfirpifp@vistaprint.com
Shelby,Swinden,15-06-1972,sswindenfq@yandex.ru
Morgan,Aspinall,13-07-1964,maspinallfr@prlog.org
Amie,Reeds,03-03-1944,areedsfs@ihg.com
Tristam,Duigan,24-04-1928,tduiganft@webmd.com
Wyn,Buckenhill,25-10-1960,wbuckenhillfu@uol.com.br
Terri,Donoher,21-04-1923,tdonoherfv@cyberchimps.com
Ora,Knoble,20-02-1971,oknoblefw@about.me
Zelig,Bartolomucci,14-01-1957,zbartolomuccifx@slideshare.net
Pacorro,Cescon,30-05-1981,pcesconfy@npr.org
Micheline,Meads,26-11-1983,mmeadsfz@skype.com
Dmitri,Kieran,01-02-1969,dkierang0@moonfruit.com
Eyde,Esh,27-11-1958,eeshg1@chicagotribune.com
Gerri,Wadeling,21-04-1942,gwadelingg2@friendfeed.com
Elaine,Schrei,27-09-1935,eschreig3@icio.us
Ellen,Lampen,19-03-1957,elampeng4@hexun.com
Charisse,Wagerfield,23-09-1933,cwagerfieldg5@sourceforge.net
Hamish,Cordeau],16-04-1975,hcordeaug6@domainmarket.com
Vikki,Bambrugh,16-11-1923,vbambrughg7@technorati.com
Seana,O'Crotty,31-12-1929,socrottyg8@earthlink.net
Morton,Vasyutichev,15-01-1921,mvasyutichevg9@cargocollective.com
Phillie,Isley,07-10-1920,pisleyga@yelp.com
Rodney,Kleimt,26-02-1955,rkleimtgb@imageshack.us
Reade,Hedderly,24-10-1983,rhedderlygc@columbia.edu
Tallia,Markham,06-08-1922,tmarkhamgd@utexas.edu
Maurits,Minett,04-07-1957,mminettge@arstechnica.com
Gerri,Wigg,06-06-1927,gwigggf@ifeng.com
Frederich,Renwick,14-01-1954,frenwickgg@globo.com
Quinlan,Beadnell,07-05-1974,qbeadnellgh@microsoft.com
Perl,Handley,03-05-1978,phandleygi@unesco.org
Odele,Greening,26-11-1969,ogreeninggj@go.com
Merissa,Szepe,11-10-1985,mszepegk@blog.com
Niles,Matzke,21-08-1984,nmatzkegl@elegantthemes.com
Piggy,Cape,16-03-1941,pcapegm@hp.com
Jolene,Shaddock,07-01-1956,jshaddockgn@samsung.com
Torrin,Draijer,15-11-1944,tdraijergo@mozilla.com
Barbe,Simner,26-03-1926,bsimnergp@biblegateway.com
Anatol,MacCrossan,11-06-1977,amaccrossangq@psu.edu
Koressa,Bullerwell,12-05-1985,kbullerwellgr@xing.com
Carola,Dulwich,28-02-1935,cdulwichgs@i2i.jp
Tam,Koba,08-02-1970,tkobagt@si.edu
Virgie,Mccaull,07-04-1929,vmccaullgu@barnesandnoble.com
Yvonne,Munday,15-03-1978,ymundaygv@360.cn
Irving,Swedeland,05-05-1941,iswedelandgw@tumblr.com
Jeane,Windybank,12-09-1962,jwindybankgx@ihg.com
Thekla,Puttrell,27-06-1987,tputtrellgy@yahoo.com
Margery,Noades,08-09-1982,mnoadesgz@icq.com
Cristina,Brockton,11-07-1974,cbrocktonh0@unc.edu
Nert,Rait,02-11-1985,nraith1@artisteer.com
Duky,Torbett,14-04-1928,dtorbetth2@earthlink.net
Eliza,Crowden,28-05-1935,ecrowdenh3@squarespace.com
Jimmie,Sangster,07-09-1975,jsangsterh4@usa.gov
Charissa,Itschakov,20-02-1948,citschakovh5@vimeo.com
Haily,Joesbury,03-06-1949,hjoesburyh6@bloomberg.com
Edlin,Rowbrey,16-05-1987,erowbreyh7@tumblr.com
Giacopo,Malicki,06-06-1955,gmalickih8@jiathis.com
Siegfried,Quinton,22-06-1966,squintonh9@webnode.com
Mead,Tudor,23-03-1981,mtudorha@independent.co.uk
Celinda,Milvarnie,12-12-1960,cmilvarniehb@yelp.com
Tybie,Jacobson,02-06-1980,tjacobsonhc@deviantart.com
Kermit,Lentsch,30-09-1976,klentschhd@mysql.com
Mirella,Iori,04-08-1925,miorihe@eventbrite.com
Aggy,Patrick,03-02-1940,apatrickhf@imageshack.us
Shari,Vickarman,30-05-1944,svickarmanhg@wisc.edu
Lolita,Seago,13-05-1968,lseagohh@amazon.com
Nolana,Kinchin,07-04-1931,nkinchinhi@1und1.de
Rutherford,Fidelus,17-07-1958,rfidelushj@miibeian.gov.cn
Rowan,Painswick,23-04-1966,rpainswickhk@hibu.com
Chandra,Joye,23-04-1989,cjoyehl@altervista.org
Ferdie,Tidd,12-09-1947,ftiddhm@exblog.jp
Magda,Gosby,09-05-1964,mgosbyhn@ezinearticles.com
Julio,Rummin,05-06-1943,jrumminho@theglobeandmail.com
Leontine,Harral,26-03-1983,lharralhp@homestead.com
Sella,LAbbet,16-02-1932,slabbethq@home.pl
Filippa,Winchurch,13-06-1984,fwinchurchhr@ebay.co.uk
Kesley,Taffurelli,06-10-1931,ktaffurellihs@businessweek.com
Roxanna,Kyffin,10-03-1988,rkyffinht@woothemes.com
Codie,Origan,13-01-1949,coriganhu@unesco.org
Bartholomew,Poltone,24-10-1942,bpoltonehv@home.pl
Fernando,Labram,18-01-1944,flabramhw@wufoo.com
Haily,Jorn,11-08-1976,hjornhx@google.es
Ozzy,Ellingford,24-02-1964,oellingfordhy@umich.edu
Minni,Fanstone,17-02-1922,mfanstonehz@flavors.me
Doe,Sprason,21-11-1974,dsprasoni0@bloomberg.com
Austen,Moyce,18-07-1933,amoycei1@hatena.ne.jp
Korey,Puckrin,23-09-1974,kpuckrini2@imageshack.us
Erhard,Smedmoor,16-07-1934,esmedmoori3@clickbank.net
Leontine,Lummis,05-03-1957,llummisi4@sitemeter.com
Carroll,Gontier,05-08-1937,cgontieri5@nationalgeographic.com
Staffard,Osborn,25-06-1990,sosborni6@fda.gov
Darin,Plimmer,29-03-1953,dplimmeri7@addthis.com
Inez,Whale,05-01-1963,iwhalei8@guardian.co.uk
Eleonora,Penwright,23-05-1928,epenwrighti9@nhs.uk
Krissie,Wilce,08-04-1967,kwilceia@va.gov
Cordy,Lorentz,13-03-1980,clorentzib@umn.edu
Clyde,Byneth,16-03-1982,cbynethic@g.co
Luther,Fairrie,02-12-1940,lfairrieid@comcast.net
Andrus,McLachlan,24-07-1949,amclachlanie@ifeng.com
Judye,Franca,20-11-1952,jfrancaif@webnode.com
Tamarra,Verey,16-09-1945,tvereyig@trellian.com
Elenore,Maslen,10-10-1924,emaslenih@sina.com.cn
Elle,Faragan,03-06-1947,efaraganii@tamu.edu
Sheeree,Gawkes,14-08-1926,sgawkesij@behance.net
Paloma,Neary,08-06-1954,pnearyik@vk.com
Silvana,Ware,30-06-1958,swareil@ed.gov
Onfroi,Lissett,25-08-1944,olissettim@bizjournals.com
Erich,Landsberg,15-10-1979,elandsbergin@dropbox.com
Carlie,Bailie,03-03-1927,cbailieio@bluehost.com
Erhard,McGillreich,25-04-1941,emcgillreichip@toplist.cz
Augustina,Lugsdin,11-10-1940,alugsdiniq@blogs.com
Agnella,Fourcade,21-06-1929,afourcadeir@opensource.org
Wald,Urpeth,16-11-1955,wurpethis@ibm.com
Bern,Colbourne,18-01-1975,bcolbourneit@craigslist.org
Layne,Calcut,06-11-1962,lcalcutiu@ucla.edu
Auria,Cossins,17-07-1988,acossinsiv@lulu.com
Jaynell,Glander,25-12-1973,jglanderiw@paginegialle.it
Stephanie,Brierly,11-05-1946,sbrierlyix@newyorker.com
Cassaundra,Litt,20-05-1963,clittiy@berkeley.edu
Harwilll,Stalf,15-01-1964,hstalfiz@yahoo.co.jp
Rudy,Von Der Empten,20-09-1969,rvonderemptenj0@chicagotribune.com
Estele,Craven,31-07-1946,ecravenj1@yale.edu
Remus,Keningham,02-04-1959,rkeninghamj2@wikispaces.com
Devondra,Limon,11-11-1931,dlimonj3@php.net
Emmye,Davidge,28-07-1977,edavidgej4@webnode.com
Chelsie,Howorth,23-09-1945,choworthj5@ox.ac.uk
Edgardo,Simoneau,12-06-1931,esimoneauj6@ftc.gov
Karim,Skidmore,23-12-1981,kskidmorej7@goodreads.com
Shurwood,Johnke,20-10-1957,sjohnkej8@amazon.co.uk
Torre,Creswell,15-04-1951,tcreswellj9@time.com
Sophi,Fiveash,23-11-1939,sfiveashja@ning.com
Maurits,Glacken,24-07-1967,mglackenjb@ebay.com
Berget,McKaile,09-01-1973,bmckailejc@wix.com
Briney,Hargitt,03-01-1958,bhargittjd@4shared.com
Conny,Burrus,24-04-1967,cburrusje@dailymail.co.uk
Haily,Spatoni,27-06-1956,hspatonijf@discovery.com
Channa,Hartles,10-05-1987,chartlesjg@tripod.com
Jorgan,Brimson,29-03-1941,jbrimsonjh@cam.ac.uk
Roxanna,Kenworth,02-09-1980,rkenworthji@hugedomains.com
Klarrisa,Scrammage,21-07-1962,kscrammagejj@friendfeed.com
Bernardo,Bowlas,11-04-1987,bbowlasjk@wordpress.org
Daphna,Gillum,13-09-1953,dgillumjl@amazon.co.jp
Ray,Eastridge,05-04-1966,reastridgejm@biblegateway.com
Evin,Kemshell,21-02-1933,ekemshelljn@myspace.com
Ronalda,Gomersal,11-09-1929,rgomersaljo@weibo.com
Milzie,Zorzini,17-06-1963,mzorzinijp@oakley.com
Nathanil,Dobie,01-02-1952,ndobiejq@webeden.co.uk
Gusti,Arundel,16-03-1923,garundeljr@nhs.uk
Terese,Leivesley,31-01-1979,tleivesleyjs@mac.com
Ardith,Dumbell,04-06-1976,adumbelljt@hhs.gov
Catherina,Capinetti,14-09-1953,ccapinettiju@miibeian.gov.cn
Felita,Duffit,12-04-1971,fduffitjv@booking.com
Nelly,Ecclestone,17-04-1987,necclestonejw@ucoz.ru
Sallie,Prestner,21-08-1938,sprestnerjx@psu.edu
Anatollo,Stanborough,23-07-1967,astanboroughjy@ifeng.com
Swen,Strike,21-10-1978,sstrikejz@thetimes.co.uk
Kathleen,Quemby,29-06-1933,kquembyk0@creativecommons.org
Micheline,Abramovic,03-04-1976,mabramovick1@youtube.com
Hermione,O' Reagan,03-05-1949,horeagank2@amazon.co.uk
Hersch,Streat,21-10-1938,hstreatk3@oaic.gov.au
Lanae,MacMarcuis,07-05-1989,lmacmarcuisk4@cyberchimps.com
Dorey,Derl,28-04-1966,dderlk5@altervista.org
Zsazsa,Harkes,14-07-1937,zharkesk6@merriam-webster.com
Stevie,Simeone,17-01-1950,ssimeonek7@fastcompany.com
Rafaela,Cottam,05-01-1971,rcottamk8@nature.com
Colman,Olligan,28-07-1932,colligank9@bing.com
Jeffy,Butts,23-09-1960,jbuttska@livejournal.com
Jeramey,Blackston,25-08-1984,jblackstonkb@independent.co.uk
Polly,Stadden,07-04-1960,pstaddenkc@yellowbook.com
Obadiah,Scrivens,05-10-1943,oscrivenskd@youtube.com
Gus,Twidle,06-06-1968,gtwidleke@simplemachines.org
Marys,Mallock,21-06-1968,mmallockkf@homestead.com
Isador,Ruoss,12-02-1930,iruosskg@msn.com
Modesty,Roistone,07-06-1954,mroistonekh@jugem.jp
Bogart,Grima,20-12-1958,bgrimaki@wikia.com
Phillie,Greenshields,13-10-1940,pgreenshieldskj@google.fr
Olivette,Gaspero,16-11-1958,ogasperokk@is.gd
Jerald,Saby,13-12-1983,jsabykl@dmoz.org
Chlo,Colebourn,11-07-1979,ccolebournkm@51.la
Frances,Bisgrove,11-10-1945,fbisgrovekn@ow.ly
Milt,Sugars,25-11-1981,msugarsko@networksolutions.com
Jefferey,Guirau,13-03-1967,jguiraukp@china.com.cn
Romona,Murty,06-12-1926,rmurtykq@marketwatch.com
Walt,Toquet,23-08-1947,wtoquetkr@google.fr
Babbette,Chyuerton,25-01-1952,bchyuertonks@ning.com
Sumner,Tuddenham,19-01-1934,studdenhamkt@sohu.com
Buckie,Labbet,31-07-1946,blabbetku@clickbank.net
Revkah,Nodes,30-08-1952,rnodeskv@google.es
Kiley,Devigne,02-03-1924,kdevignekw@symantec.com
Maia,Tupie,16-12-1944,mtupiekx@marketwatch.com
Cristi,Medmore,02-12-1937,cmedmoreky@eventbrite.com
Heda,Brim,29-04-1972,hbrimkz@hao123.com
Izzy,Turton,27-04-1973,iturtonl0@wisc.edu
Portia,Spadoni,26-03-1962,pspadonil1@bloomberg.com
Brewster,Butcher,05-11-1959,bbutcherl2@netscape.com
Violette,Beeby,14-10-1938,vbeebyl3@house.gov
Ram,Petrakov,07-08-1922,rpetrakovl4@constantcontact.com
Llewellyn,Boustred,07-05-1925,lboustredl5@time.com
Tristam,Skrines,24-08-1939,tskrinesl6@ihg.com
Wandis,Driffill,10-04-1943,wdriffilll7@dailymotion.com
Carny,Stutter,25-09-1949,cstutterl8@so-net.ne.jp
Sancho,Yeatman,19-01-1945,syeatmanl9@globo.com
Titos,Elwood,01-05-1978,telwoodla@php.net
Sebastiano,MacAskill,04-07-1960,smacaskilllb@networkadvertising.org
Quint,Alenov,05-08-1963,qalenovlc@forbes.com
Rogers,Wager,13-11-1972,rwagerld@nature.com
Yetty,Apperley,18-11-1966,yapperleyle@scientificamerican.com
Kevon,Conerding,05-08-1926,kconerdinglf@delicious.com
Cherrita,Kolodziejski,12-09-1959,ckolodziejskilg@bandcamp.com
Hermon,Beacom,11-03-1929,hbeacomlh@usatoday.com
Darrel,Shiers,19-12-1941,dshiersli@discuz.net
Giulia,Watt,19-06-1954,gwattlj@gizmodo.com
Pate,Darbishire,10-06-1971,pdarbishirelk@scientificamerican.com
Eba,Newis,05-12-1983,enewisll@icq.com
Janel,Dugald,28-06-1951,jdugaldlm@multiply.com
Pepita,Lalor,01-10-1927,plalorln@cmu.edu
Jerrold,Byard,09-08-1941,jbyardlo@myspace.com
Elnar,Skim,02-07-1955,eskimlp@seesaa.net
Linzy,Lukash,19-03-1981,llukashlq@geocities.jp
Arlinda,McCardle,15-02-1944,amccardlelr@lycos.com
Wandis,Kehri,11-06-1965,wkehrils@youtu.be
Tades,Heap,10-06-1948,theaplt@walmart.com
Gaile,Diperaus,12-09-1961,gdiperauslu@php.net
Walliw,Izchaki,03-06-1967,wizchakilv@symantec.com
Roanna,Jeens,16-06-1985,rjeenslw@issuu.com
Babb,MattiCCI,09-02-1974,bmatticcilx@nhs.uk
Waiter,Annetts,14-11-1945,wannettsly@clickbank.net
Fabio,McGall,28-05-1986,fmcgalllz@earthlink.net
Bancroft,Gadsden,06-10-1959,bgadsdenm0@homestead.com
Garald,Cornthwaite,26-01-1990,gcornthwaitem1@cnn.com
Caralie,Gilby,14-01-1956,cgilbym2@techcrunch.com
Aurthur,Arnke,10-12-1947,aarnkem3@yellowpages.com
Desiri,Comrie,18-09-1954,dcomriem4@wufoo.com
Elga,Brugden,15-10-1927,ebrugdenm5@shinystat.com
Justinn,Malcolmson,09-07-1930,jmalcolmsonm6@histats.com
Karlen,Burren,03-09-1969,kburrenm7@barnesandnoble.com
Pierre,Hardcastle,21-09-1978,phardcastlem8@macromedia.com
Red,Skerman,03-11-1964,rskermanm9@scribd.com
Coral,Rolfi,16-10-1973,crolfima@dion.ne.jp
Adella,Jansey,09-03-1970,ajanseymb@icq.com
Miguel,Kas,31-10-1948,mkasmc@nba.com
Phyllys,Emeny,20-02-1922,pemenymd@cornell.edu
Elnar,Copcutt,07-07-1944,ecopcuttme@mashable.com
Carline,Jozsa,19-11-1978,cjozsamf@exblog.jp
Arda,Durtnel,01-11-1927,adurtnelmg@latimes.com
Jane,Birchill,16-08-1984,jbirchillmh@ow.ly
Gian,Pughsley,21-01-1953,gpughsleymi@networkadvertising.org
Shayne,Goodred,20-07-1954,sgoodredmj@unc.edu
Granger,Keddle,12-11-1984,gkeddlemk@tripod.com
Marthe,Urwen,19-09-1926,murwenml@gravatar.com
Dolly,Wiper,18-09-1982,dwipermm@epa.gov
Berny,Reddecliffe,30-06-1942,breddecliffemn@123-reg.co.uk
Anders,Goodlet,25-09-1988,agoodletmo@odnoklassniki.ru
Ara,Losel,17-07-1957,aloselmp@histats.com
Jodie,Crellin,18-11-1944,jcrellinmq@theglobeandmail.com
Seline,Hubeaux,20-07-1968,shubeauxmr@howstuffworks.com
Baird,Presslie,11-05-1958,bpressliems@sogou.com
Kalli,Lemar,16-08-1928,klemarmt@opera.com
Catarina,Pordal,07-11-1920,cpordalmu@samsung.com
Cairistiona,Pitson,23-11-1974,cpitsonmv@sciencedaily.com
Stanly,Bisiker,01-10-1987,sbisikermw@wordpress.org
Ulrika,Dailly,14-06-1942,udaillymx@chicagotribune.com
Dareen,Frayn,18-05-1961,dfraynmy@mozilla.org
Livvie,Zanuciolii,08-12-1974,lzanucioliimz@icq.com
Lacy,Kirkwood,24-02-1926,lkirkwoodn0@liveinternet.ru
Leena,MacLure,08-08-1974,lmacluren1@nih.gov
Marika,Toth,20-06-1986,mtothn2@google.ru
Thaxter,Swanson,26-04-1965,tswansonn3@simplemachines.org
Joelie,Bencher,21-07-1938,jbenchern4@fc2.com
Wilburt,Tunny,11-03-1983,wtunnyn5@cdc.gov
Ingaberg,Antcliffe,15-06-1924,iantcliffen6@bing.com
Lilian,O'Regan,11-11-1931,loregann7@usatoday.com
Augustin,Pahl,11-11-1973,apahln8@naver.com
Cassandre,Caslake,25-12-1946,ccaslaken9@ucoz.ru
Pauly,Woolley,22-12-1963,pwoolleyna@jiathis.com
Sollie,Shemming,19-05-1956,sshemmingnb@tmall.com
Lilas,Bunting,28-11-1946,lbuntingnc@nature.com
Leslie,Kilduff,05-12-1987,lkilduffnd@apple.com
Malvina,Kauschke,23-02-1953,mkauschkene@t-online.de
Maxi,Gohn,14-03-1963,mgohnnf@hugedomains.com
Rem,Paeckmeyer,10-02-1944,rpaeckmeyerng@wired.com
Mario,Gamon,30-10-1986,mgamonnh@nih.gov
Georgie,Ballaam,13-04-1948,gballaamni@gov.uk
Pauly,Gosson,29-11-1971,pgossonnj@cbc.ca
Robbie,Kilfeather,02-06-1986,rkilfeathernk@so-net.ne.jp
Nelson,Olney,06-06-1940,nolneynl@narod.ru
Collete,Calderon,09-08-1984,ccalderonnm@w3.org
Alonso,Service,10-09-1963,aservicenn@dailymail.co.uk
Justus,Baudry,19-07-1983,jbaudryno@is.gd
Remy,Lelliott,14-05-1943,rlelliottnp@oakley.com
Tammi,Teresi,15-08-1975,tteresinq@weather.com
Sharleen,Chadbourn,15-02-1939,schadbournnr@newsvine.com
Jimmy,Rablen,22-05-1988,jrablenns@hao123.com
Shirl,Scrine,15-05-1956,sscrinent@wordpress.com
Aubrey,Riatt,10-08-1962,ariattnu@tripod.com
Valera,Guerro,07-06-1942,vguerronv@alibaba.com
Erasmus,Tolhurst,20-11-1964,etolhurstnw@123-reg.co.uk
Mose,McSperrin,04-03-1985,mmcsperrinnx@ifeng.com
Berkeley,Dunkerly,15-12-1988,bdunkerlyny@youtube.com
Shell,MacKettrick,11-10-1950,smackettricknz@sciencedaily.com
Shea,Thorneloe,18-05-1968,sthorneloeo0@eventbrite.com
Henrietta,Prosek,25-10-1956,hproseko1@prweb.com
Roxi,Aveline,27-02-1978,ravelineo2@japanpost.jp
Gisele,Brind,02-09-1941,gbrindo3@nifty.com
Culver,Chadband,30-05-1968,cchadbando4@weibo.com
Antoine,Hessing,01-07-1971,ahessingo5@gravatar.com
Kessia,Charlwood,21-02-1943,kcharlwoodo6@sciencedaily.com
Latrena,M'Barron,22-11-1923,lmbarrono7@bloglines.com
Cecil,Abrahm,13-06-1953,cabrahmo8@uol.com.br
Sigvard,Boggas,17-08-1973,sboggaso9@cdbaby.com
Melony,Yallowley,27-05-1947,myallowleyoa@pagesperso-orange.fr
Candide,Pagram,17-09-1971,cpagramob@alexa.com
Ardelia,Brahm,12-12-1965,abrahmoc@guardian.co.uk
Mychal,Klimpke,29-09-1984,mklimpkeod@ebay.co.uk
Damaris,Jahndel,22-12-1976,djahndeloe@bizjournals.com
Hollyanne,Warde,18-04-1952,hwardeof@linkedin.com
Fidel,Leeke,05-07-1989,fleekeog@ocn.ne.jp
Marcelline,Brownbill,09-04-1975,mbrownbilloh@loc.gov
Raimund,Fishbourn,02-01-1921,rfishbournoi@de.vu
Tierney,Inggall,28-06-1977,tinggalloj@icio.us
Kevyn,Gundrey,13-06-1983,kgundreyok@businessinsider.com
Feliks,Lawland,31-07-1927,flawlandol@tiny.cc
Jeri,Issacov,22-01-1946,jissacovom@creativecommons.org
Emelyne,Mease,28-04-1946,emeaseon@deviantart.com
Candide,Welman,30-11-1938,cwelmanoo@weather.com
Laural,Rummer,04-07-1924,lrummerop@trellian.com
Olav,Scopyn,03-11-1929,oscopynoq@blog.com
Perrine,Wrinch,06-08-1926,pwrinchor@cnn.com
Elenore,MacAndie,22-11-1955,emacandieos@jalbum.net
Kellia,Sushams,28-05-1937,ksushamsot@odnoklassniki.ru
Shannan,Tiner,02-07-1974,stinerou@nymag.com
Loydie,Fretter,22-06-1926,lfretterov@tamu.edu
Roobbie,Frye,15-06-1926,rfryeow@netvibes.com
Winnie,Pittem,20-02-1926,wpittemox@foxnews.com
Harvey,Cantopher,29-05-1980,hcantopheroy@goo.ne.jp
Mindy,Lavrinov,08-01-1939,mlavrinovoz@diigo.com
Aundrea,Vernazza,24-08-1984,avernazzap0@jigsy.com
Isa,Duhig,31-07-1953,iduhigp1@house.gov
Casey,Lemasney,07-03-1934,clemasneyp2@cnet.com
Camella,Nern,09-08-1967,cnernp3@godaddy.com
Yehudi,Harbisher,08-02-1973,yharbisherp4@google.de
Celinka,Mughal,14-06-1965,cmughalp5@usnews.com
Billye,Maybury,14-05-1943,bmayburyp6@admin.ch
Lucita,Hillborne,21-09-1967,lhillbornep7@epa.gov
Keefer,Yeiles,09-02-1933,kyeilesp8@businesswire.com
Shela,Saddleton,26-01-1989,ssaddletonp9@shutterfly.com
Cherianne,Child,26-09-1940,cchildpa@comcast.net
Christabel,Gilhoolie,02-03-1961,cgilhooliepb@msn.com
Rufe,Lemonby,17-02-1925,rlemonbypc@scribd.com
Nevile,Coultish,30-08-1990,ncoultishpd@purevolume.com
Grete,Satchel,10-04-1926,gsatchelpe@imageshack.us
Gaye,Pierrepoint,01-11-1959,gpierrepointpf@photobucket.com
Dulcy,Mulcock,19-03-1988,dmulcockpg@huffingtonpost.com
Prinz,Bottom,01-12-1987,pbottomph@patch.com
Ermina,Ashborne,11-04-1950,eashbornepi@freewebs.com
Quinn,McMenamy,13-02-1951,qmcmenamypj@mit.edu
Sheelah,Collete,31-03-1923,scolletepk@addtoany.com
Anthia,Gisburne,29-12-1964,agisburnepl@amazon.de
Mareah,Kingsnorth,10-05-1932,mkingsnorthpm@google.co.jp
Leora,Tolotti,17-12-1937,ltolottipn@qq.com
Artemus,Rumin,24-09-1946,aruminpo@harvard.edu
Elizabeth,Arundel,14-10-1987,earundelpp@chicagotribune.com
Sherie,Wilmington,26-06-1982,swilmingtonpq@wired.com
Nariko,Atrill,01-04-1926,natrillpr@cafepress.com
Karena,Jenyns,17-09-1963,kjenynsps@mtv.com
Gael,Quested,24-10-1923,gquestedpt@exblog.jp
Rea,Berecloth,28-05-1964,rbereclothpu@bloglovin.com
Siusan,Cafe,19-07-1980,scafepv@usda.gov
Jerrine,Gronowe,31-10-1970,jgronowepw@webeden.co.uk
Benjie,Astles,04-12-1989,bastlespx@accuweather.com
Maxim,Dalgliesh,23-11-1932,mdalglieshpy@163.com
Benjamin,MacAlester,11-11-1969,bmacalesterpz@craigslist.org
Blaine,Solland,13-07-1974,bsollandq0@time.com
Allie,Jameson,03-03-1924,ajamesonq1@bing.com
Marlene,Favelle,11-03-1952,mfavelleq2@tmall.com
Philippe,Vurley,19-04-1931,pvurleyq3@nymag.com
Blinni,Feek,10-08-1948,bfeekq4@opensource.org
Lorin,Jiras,03-06-1984,ljirasq5@elegantthemes.com
Manfred,Raxworthy,20-08-1925,mraxworthyq6@booking.com
Concordia,Tidey,15-11-1942,ctideyq7@alexa.com
Krissie,Carreck,01-11-1986,kcarreckq8@yandex.ru
Maury,Herrero,23-11-1957,mherreroq9@bizjournals.com
Pate,Halso,04-11-1976,phalsoqa@meetup.com
Sacha,Seller,17-06-1985,ssellerqb@arizona.edu
Calv,Veldens,21-01-1945,cveldensqc@skyrock.com
Mehetabel,Machen,15-01-1972,mmachenqd@symantec.com
Basil,Hartridge,16-01-1979,bhartridgeqe@infoseek.co.jp
Herbert,Ivermee,22-02-1924,hivermeeqf@acquirethisname.com
Arman,Laphorn,08-03-1952,alaphornqg@ustream.tv
Vanny,McAw,06-11-1976,vmcawqh@taobao.com
Jakob,Whitnell,24-01-1980,jwhitnellqi@home.pl
Noe,Palmar,16-03-1982,npalmarqj@pagesperso-orange.fr
Shayne,Gwalter,28-12-1926,sgwalterqk@gnu.org
Gwynne,Madre,15-09-1924,gmadreql@cdc.gov
Lonee,Cresser,01-03-1961,lcresserqm@gnu.org
Wilmar,Leman,01-12-1948,wlemanqn@berkeley.edu
Simonne,Crier,30-05-1982,scrierqo@over-blog.com
Evonne,Bantock,31-05-1946,ebantockqp@purevolume.com
Kora,Isitt,17-11-1976,kisittqq@netscape.com
Mikol,Kornes,24-04-1953,mkornesqr@jugem.jp
Sarene,Ovitz,28-04-1972,sovitzqs@dot.gov
Lana,Gutans,07-11-1951,lgutansqt@cnet.com
Kath,Legate,17-03-1923,klegatequ@umich.edu
Augusta,Basil,27-12-1948,abasilqv@dailymotion.com
Bevin,Barnett,28-10-1973,bbarnettqw@privacy.gov.au
Dickie,Harmon,19-01-1969,dharmonqx@godaddy.com
Nelia,Skiplorne,28-08-1935,nskiplorneqy@spotify.com
Mimi,Chaldecott,25-06-1943,mchaldecottqz@nbcnews.com
Carly,Grammer,07-09-1927,cgrammerr0@posterous.com
Mahmoud,Thorneloe,27-08-1976,mthorneloer1@salon.com
Pepe,Guice,25-11-1920,pguicer2@wsj.com
Ronica,Wipfler,12-11-1936,rwipflerr3@shutterfly.com
Roxy,MacGaughy,30-12-1923,rmacgaughyr4@scribd.com
Joaquin,Vaney,03-05-1972,jvaneyr5@fema.gov
Redd,Arno,15-07-1972,rarnor6@wikipedia.org
Gus,Houliston,06-07-1979,ghoulistonr7@behance.net
Hyman,Lesper,30-10-1950,hlesperr8@tmall.com
Sara-ann,Sliney,19-02-1936,sslineyr9@google.com.br
Vittorio,Benda,22-12-1936,vbendara@shareasale.com
Taylor,Lapere,03-09-1955,tlapererb@sogou.com
Brandice,Etoile,07-05-1971,betoilerc@issuu.com
Michelina,Sterling,03-11-1975,msterlingrd@deviantart.com
Rochester,Goodale,08-07-1948,rgoodalere@hibu.com
Kylen,Cuthill,20-02-1937,kcuthillrf@hud.gov
Hill,Legister,06-06-1956,hlegisterrg@diigo.com
Orlan,Bradberry,20-07-1951,obradberryrh@surveymonkey.com
Sauncho,Redfern,08-11-1941,sredfernri@discovery.com
Jacquelin,Bottomley,31-08-1964,jbottomleyrj@shinystat.com
Stanford,Gommes,12-05-1969,sgommesrk@ucoz.com
Minny,Tedder,23-08-1977,mtedderrl@mozilla.org
Shermy,McKendry,29-10-1944,smckendryrm@umn.edu
Poppy,Eyrl,12-09-1958,peyrlrn@4shared.com
Vanda,Christofol,02-09-1941,vchristofolro@redcross.org
Jake,Dispencer,11-09-1968,jdispencerrp@posterous.com
Keelia,Spybey,24-12-1971,kspybeyrq@cisco.com
Regan,Adney,06-05-1939,radneyrr@tiny.cc
